image_path, has_structures, has_grid_layout, has_plotted_data, is_computed, is_3d, is_photo, is_spectrum
1.png,1,0,1,1,0,0,0
2.png,1,0,0,1,0,0,0
3.png,1,0,1,1,0,0,0
4.png,0,0,0,0,0,1,0
5.png,0,0,0,0,0,0,1
6.png,0,0,0,0,0,0,1
7.png,1,0,0,0,0,0,0
8.png,1,0,0,0,0,0,0
9.png,1,0,0,0,0,0,0
10.png,1,0,0,0,0,0,0
11.png,1,0,0,0,0,0,0
12.png,0,1,1,0,0,0,0
13.png,0,0,1,1,0,0,0
14.png,1,0,0,0,0,0,0
15.png,1,0,0,0,0,0,0
16.png,1,0,0,0,0,0,0
17.png,1,0,0,0,0,0,0
18.png,1,1,0,0,0,0,0
19.png,1,0,0,0,0,0,0
20.png,1,0,0,0,0,0,0
21.png,0,0,0,0,0,0,1
22.png,0,0,0,0,0,0,1
23.png,0,0,0,0,1,0,0
24.png,0,0,0,1,1,0,0
25.png,0,0,0,0,0,0,1
26.png,0,0,0,0,1,0,0
27.png,0,0,0,0,0,0,1
28.png,0,0,0,0,0,0,1
29.png,1,0,0,0,0,0,0
30.png,0,0,0,0,1,0,0
31.png,0,0,0,0,0,1,0
32.png,0,0,0,0,0,1,0
33.png,0,0,0,0,0,1,0
34.png,0,0,0,0,0,1,0
35.png,0,0,0,0,0,1,0
36.png,1,0,1,1,0,0,0
37.png,1,0,1,1,0,0,0
38.png,1,0,0,0,1,0,0
39.png,1,0,1,1,1,0,0
40.png,1,1,0,0,0,0,0
41.png,0,0,1,1,0,0,0
42.png,0,0,1,1,1,0,0
43.png,1,1,0,0,0,0,0
44.png,1,1,0,0,0,0,0
45.png,0,1,1,0,0,0,0
46.png,0,0,0,0,0,1,0
47.png,0,0,0,1,1,0,0
48.png,0,0,0,0,1,0,0
49.png,0,0,0,1,1,0,0
50.png,0,0,1,0,0,0,0
51.png,0,0,0,0,1,0,0
52.png,0,0,0,0,1,0,0
53.png,0,0,0,0,1,0,0
54.png,0,0,0,1,1,0,0